user_id,name
user5411319258,Janek HlavatÃ½
user1209659531,Andy MikulovÃ¡
user6656750067,Veronika SzczurkovÃ¡
user1271982792,OndÅ™ej HlavatÃ½ - KlÃ­Å¡tÄ›
user5460308787,KateÅ™ina DoubkovÃ¡
user854333400,Maria Matejka
user762886541,MatÄ›j Volf
user929963796,Prokop RandÃ¡Äek
user878090892,Standa @exyi:matrix.org
user402309996,TomÃ¡Å¡ SlÃ¡ma
user940005619,Michal Kodad
user5424066930,Jirka Kvapil
user656461353,Marian Å Ã¡mal
user267072039,Jan ÄŒernÃ½
user1292910874,Honza KotovskÃ½
user1947894459,Lukas Gajdik
user320387672,VaÅ¡ek Å rajer
user6160811689,PavlÅ¯v Bridge
user6278106359,Adam Belej
user5440576728,Franta Borisjuk
user5381782886,Filip TronÃ­Äek
user1214596263,UpÃ­r
user1045364267,Adam Jahoda
user1253493568,Adam
user1378930364,Dan SkÃ½pala
user975590126,Kiki ProkopovÃ¡
user1327476487,KlÃ¡rka TauchmanovÃ¡
user1318546282,JamÃ©ba
user7741559712,Lucka
user1237850899,Tobias ğŸ‘ŒğŸ»
user789938629,KubÃ­k
user526549550,Godâ€™s McFailure
user941855102,Jan RÃ¡Äek
user786109950,
user756261252,David KoÅˆaÅ™Ã­k
user509544148,Syntax Highlight Bot
user202914644,Feed Reader Bot
user855975036,Coronavirus ğŸ¦ 
user1322533446,S
user139194338,Mlpard
user1260568413,Jakub PodskalskÃ½
user775095737,Marek MaÅ¡karinec
user1291572024,
user1380449861,
user420415423,Matrix Telegram Bridge
user1435394351,
user1313531173,Memmer
user1942697835,Jan Kopal
user1854849596,
user1933146358,
user1929394586,
user1656771204,Jan M
user1191427421,Robin Sitar
user519347513,MedvÄ›d
user1084139422,Honza Kocourek
user1943811203,
user5155739766,Olga C.
user1959585755,Patrik Herman
user5466606191,MagdalÃ©na JuÅ™Ã­kovÃ¡
user6365569429,Petr++
user5585487265,KateÅ™ina VomelovÃ¡
user1841365017,Eriik S
user6274008816,Michael Ambros
user5431792987,Samuel PoneÅ¡
user6305761266,Ondra LupiÅ¡ek
user795563579,DamiÃ¡n
user7831571918,nÄ›kdo
user6206912340,Dominik Halamka
user7768217878,Signal Is Better
user587689623,Greenscreener
user607873425,Sofya
user7970619487,Bskdnf
user7159983623,yeseul woo
user6003318274,Janek HlavatÃ½
user1055097195,ann
user1875846222,j
user1076290610,OndÅ™ej Machota
user777000,Telegram
user6536343011,Samuel Luis Å tÃºber
user5131174755,MatÄ›j HoÅ¡ek
user6631422878,Michal
user6385702670,
user6332693873,Ivana PeÅ¡kovÃ¡
user5493594765,OndÅ™ej SkÃ¡cel
user5527002055,Pavel
user5326231974,
user5585953826,
user5552800171,
user5501007837,Jakub ÄŒernÃ½
user5802817914,
user6007378506,Ministr RÅ¯stu
user6626878261,MatÃºÅ¡
user1031952739,QuotLy
